{
"parameter_simulation" : {"path_result": "/volatile/home/lb283126/Documents/Code/tvb_model_reference/results/synch", "seed": 1, "save_time": 1000.0},
"parameter_model" : {"matteo": false, "order": 2, "g_L": 10.0, "E_L_e": -63.0, "E_L_i": -65.0, "C_m": 200.0, "b_e": 0, "a_e": 0.0, "b_i": 0.0, "a_i": 0.0, "tau_w_e": 500.0, "tau_w_i": 1.0, "E_e": 0.0, "E_i": -80.0, "Q_e": 1.5, "Q_i": [4.937103748321533, 4.937103748321533, 4.937103748321533, 4.937103748321533, 4.937103748321533, 4.937103748321533, 4.937103748321533, 4.937103748321533, 4.937103748321533, 4.937103748321533, 4.937103748321533, 4.937103748321533, 4.937103748321533, 4.937103748321533, 4.937103748321533, 4.937103748321533, 4.937103748321533, 4.937103748321533, 4.937103748321533, 4.937103748321533, 4.937103748321533, 4.937103748321533, 4.937103748321533, 4.937103748321533, 4.937103748321533, 4.937103748321533, 4.937103748321533, 4.937103748321533, 4.937103748321533, 4.937103748321533, 4.937103748321533, 4.937103748321533, 4.937103748321533, 4.937103748321533, 4.937103748321533, 4.937103748321533, 4.937103748321533, 4.937103748321533, 4.937103748321533, 4.937103748321533, 4.937103748321533, 4.937103748321533, 4.937103748321533, 4.937103748321533, 4.937103748321533, 4.937103748321533, 4.937103748321533, 4.937103748321533, 4.937103748321533, 4.937103748321533, 4.937103748321533, 4.937103748321533, 4.937103748321533, 4.937103748321533, 4.937103748321533, 4.937103748321533, 4.937103748321533, 4.937103748321533, 4.937103748321533, 4.937103748321533, 4.937103748321533, 4.937103748321533, 4.937103748321533, 4.937103748321533, 4.937103748321533, 4.937103748321533, 4.937103748321533, 4.937103748321533], "tau_e": 5.0, "tau_i": 5.0, "N_tot": 10000, "p_connect_e": 0.05, "p_connect_i": 0.05, "g": 0.2, "T": 40.0, "P_e": [-0.0498, 0.00506, -0.025, 0.0014, -0.00041, 0.0105, -0.036, 0.0074, 0.0012, -0.0407], "P_i": [-0.0514, 0.004, -0.0083, 0.0002, -0.0005, 0.0014, -0.0146, 0.0045, 0.0028, -0.0153], "external_input_ex_ex": 0.001, "external_input_ex_in": 0.0, "external_input_in_ex": 0.001, "external_input_in_in": 0.0, "tau_OU": 5.0, "weight_noise": 0.0001, "K_ext_e": 400, "K_ext_i": 0, "ratio_EI_EE": 1.4, "initial_condition": {"E": [0.000417022004702574, 0.000417022004702574], "I": [0.001668088018810296, 0.001668088018810296], "C_ee": [0.0, 0.0], "C_ei": [0.0, 0.0], "C_ii": [0.0, 0.0], "W_e": [0.0, 0.0], "W_i": [0.0, 0.0], "noise": [0.0, 0.0]}},
"parameter_connection_between_region" : {"default": false, "from_file": true, "from_h5": false, "path": "/volatile/home/lb283126/Documents/Code/tvb_model_reference/data_tvb/connectome_TVB", "number_of_regions": 0, "tract_lengths": [], "weights": [], "speed": 4.0, "normalised": true, "path_weight": "data_tvb/real_connectome_for_tvb/tmp/weights.npy", "path_length": "data_tvb/real_connectome_for_tvb/tmp/tract_lengths.npy", "path_region_labels": "data_tvb/real_connectome_for_tvb/tmp/region_labels.txt", "path_centres": "data_tvb/real_connectome_for_tvb/tmp/centres.txt"},
"parameter_coupling" : {"type": "Linear", "parameter": {"a": 0.15, "b": 0.0}},
"parameter_integrator" : {"type": "Heun", "stochastic": true, "noise_type": "Additive", "noise_parameter": {"nsig": [0.0, 0.0, 0.0, 0.0, 0.0, 0.0, 0.0, 1.0], "ntau": 0.0, "dt": 5.0}, "dt": 5.0},
"parameter_monitor" : {"Raw": true, "TemporalAverage": false, "parameter_TemporalAverage": {"variables_of_interest": [0, 1, 2, 3, 4, 5, 6, 7], "period": 50.0}, "Bold": false, "parameter_Bold": {"variables_of_interest": [0], "period": 10000.0}, "Ca": false, "parameter_Ca": {"variables_of_interest": [0, 1, 2], "tau_rise": 0.01, "tau_decay": 0.1}},
"parameter_stimulation" : {"onset": 1000.0, "tau": 50, "T": 2000.0, "weights": [0.0, 0.0, 0.0, 0.0, 0.0, 0.0, 0.0, 0.0, 0.0, 0.0, 0.0, 0.0, 0.0, 0.0, 0.0, 0.0, 0.0, 0.0, 0.0, 0.0, 0.0, 0.0, 0.0, 0.0, 0.0, 0.0, 0.0, 0.0, 0.0, 0.0, 0.0, 0.0, 0.0, 0.0, 0.0, 0.0, 0.0, 0.0, 0.0, 0.0, 0.0, 0.0, 0.0, 0.0, 0.0, 0.0, 0.0, 0.0, 0.0, 0.0, 0.0, 0.0, 0.0, 0.0, 0.0, 0.0, 0.0, 0.0, 0.0, 0.0, 0.0, 0.0, 0.0, 0.0, 0.0, 0.0, 0.0, 0.0], "variables": [0]},
"myseed":1
}
